Workbook

Sheet Übersicht
A1: Übersicht (automatisch – nichts eintragen!)
A3: Stunden gesamt | B3: ='Std. Okt+Nov (NEU!!)'!H20 -> 275.25
A4: Lagerwert | B4: =Lager!G15 -> 152.1
A5: Offene Rechnungen | B5: ='Rechnungen 2026'!H9 -> 26449.4
A6: Anzahl Rechnungen | B6: =COUNTA('Rechnungen 2026'!A3:A20) -> 5

Sheet Std. Okt+Nov (NEU!!)
B1: Krause Fliesen & Bad GmbH
B2: Stundenerfassung – NICHT LÖSCHEN!!! (Stand: siehe unten) | H2: Stundensatz: | I2: 48
B4: Datum | C4: Wer / Wo | E4: Zeit | H4: Std. | I4: Betrag | J4: Bemerkung / Material? | K4: Std. | M4: Mitarbeiter | N4: Satz
C5: MA | D5: Baustelle / Kunde | E5: von | F5: bis | G5: Pause (min) | M5: Mehmet | N5: 52
B6: 46296 | C6: Mehmet | D6: Bad Schneider | E6: 7:00 | F6: 16:30 | G6: 30 | H6: =IFERROR(ROUND(((F6-E6)*24)-IF(ISNUMBER(G6),G6/60,0),2),"?") -> 9 | I6: =IF(ISNUMBER(H6),H6*$I$2,"") -> 432 | J6: Wand gefliest | K6: =H6 -> 9 | L6: geheim | M6: Kevin | N6: 45
B7: 02.10.26 | C7: mehmet | D7: Bad Schneider | E7: 0.30208333 | F7: 0.65625 | G7: 30 min | H7: =IFERROR(ROUND(((F7-E7)*24)-IF(ISNUMBER(G7),G7/60,0),2),"?") -> 8.5 | I7: =IF(ISNUMBER(H7),H7*$I$2,"") -> 408 | K7: =H7 -> 8.5 | M7: Jonas | N7: 45
B8: 2.10.2026 | C8: Kevin | D8: Küche Yılmaz | E8: 0.2916666 | F8: 0.6875 | G8: 45 | H8: =IFERROR(ROUND(((F8-E8)*24)-IF(ISNUMBER(G8),G8/60,0),2),"?") -> 8.75 | I8: =IF(ISNUMBER(H8),H8*$I$2,"") -> 420 | J8: Silikon fehlt!! | K8: =H8 -> 8.75 | M8: M. Öztürk | N8: 38
B9: 05.10.2026 | C9: Jonas | D9: Praxis Dr. Hahn | E9: 07:00 | F9: 17:45 | G9: 0 | H9: =IFERROR(ROUND(((F9-E9)*24)-IF(ISNUMBER(G9),G9/60,0),2),"?") -> 10.75 | I9: =IF(ISNUMBER(H9),H9*$I$2,"") -> 516 | J9: Pause vergessen? | K9: =H9 -> 10.75
B11: 06.10.2026 | C11: Kevin + Jonas | D11: Hahn | E11: 8 | F11: 16 | G11: 1/2 Std | H11: =IFERROR(ROUND(((F11-E11)*24)-IF(ISNUMBER(G11),G11/60,0),2),"?") -> 192 | I11: =IF(ISNUMBER(H11),H11*$I$2,"") -> 9216 | J11: zu zweit | K11: =H11 -> 192
B12: Okt 07 | C12: Mehmet | D12: Bad Schneider | E12: 7:00 | F12: 15:00 | G12: 30 | H12: =IFERROR(ROUND(((F12-E12)*24)-IF(ISNUMBER(G12),G12/60,0),2),"?") -> 7.5 | I12: =IF(ISNUMBER(H12),H12*$I$2,"") -> 360 | J12: Fugen | K12: =H12 -> 7.5
B13: 08.10.2026 | C13: M. Öztürk | D13: Lager / Werkstatt | E13: 6:30 | F13: 11:00 | H13: =IFERROR(ROUND(((F13-E13)*24)-IF(ISNUMBER(G13),G13/60,0),2),"?") -> 4.5 | I13: =IF(ISNUMBER(H13),H13*$I$2,"") -> 216 | J13: krank ab Mittag | K13: =H13 -> 4.5
B14: Zwischensumme Oktober (1. Woche) | H14: =SUBTOTAL(9,H6:H13) -> 241 | I14: =SUBTOTAL(9,I6:I13) -> 11568
B15: --- November ---
B16: 46328 | C16: Mehmet | D16: Neubau Weber (EFH) | E16: 7:00 | F16: 16:00 | G16: 30 | H16: =IFERROR(ROUND(((F16-E16)*24)-IF(ISNUMBER(G16),G16/60,0),2),"?") -> 8.5 | I16: =IF(ISNUMBER(H16),H16*$I$2,"") -> 408 | J16: Estrich noch feucht | K16: =H16 -> 8.5
B17: 46329 | C17: Kevin | D17: Neubau Weber (EFH) | E17: 7:00 | F17: 16:00 | G17: 30 | H17: =IFERROR(ROUND(((F17-E17)*24)-IF(ISNUMBER(G17),G17/60,0),2),"?") -> 8.5 | I17: =IF(ISNUMBER(H17),H17*$I$2,"") -> 408 | J17: Datum als Zahl | K17: =H17 -> 8.5
B18: 03/11/2026 | C18: Jonas | D18: Weber | E18: 7:30 | F18: 18:30 | G18: 30 | H18: =IFERROR(ROUND(((F18-E18)*24)-IF(ISNUMBER(G18),G18/60,0),2),"?") -> 10.5 | I18: =IF(ISNUMBER(H18),H18*$I$2,"") -> 504 | J18: 11 Std.! | K18: =H18 -> 10.5
B19: 04.11.2026 | C19: Jonas | D19: Weber | E19: 5:00 | F19: 12:00 | G19: 15 | H19: =IFERROR(ROUND(((F19-E19)*24)-IF(ISNUMBER(G19),G19/60,0),2),"?") -> 6.75 | I19: =IF(ISNUMBER(H19),H19*$I$2,"") -> 324 | J19: Ruhezeit? | K19: =H19 -> 6.75
B20: GESAMT | H20: =SUBTOTAL(9,H6:H19) -> 275.25 | I20: =SUBTOTAL(9,I6:I19) -> 13212
B22: Stand: | C22: =TODAY() -> 46315
B23: Chef sagt: Überstunden ab 01.11. extra eintragen!!

Sheet Lager
A1: LAGERLISTE
A2: zuletzt gezählt: KW 41 (Kevin)
A4: Art.Nr. | B4: Bezeichnung | C4: Bestand | D4: Einheit | E4: Min. | F4: EK netto | G4: Wert | H4: Lieferant | I4: Lieferant
A5: 000123 | B5: Fliesenkleber C2TE S1 25kg | C5: 14 | D5: Sack | E5: 10 | F5: 14,90 € | G5: =IFERROR(C5*F5,"") | H5: Baustoff Kaiser GmbH | I5: Kaiser
A6: 123 | B6: Fliesenkleber C2TE S1 25 kg (alt) | C6: 3 | D6: Sack | E6: 0 | F6: 13.5 | G6: =IFERROR(C6*F6,"") -> 40.5 | H6: Kaiser
A7: A-1010 | B7: Fugenmörtel grau 5kg | C7: 9 Eimer | E7: 6 | F7: 11.40 | G7: =IFERROR(C7*F7,"") | H7: Weber
A8: A-1011 | B8: Fugenmörtel anthrazit 5kg | D8: Eimer | E8: 4 | F8: 12,30 | G8: =IFERROR(C8*F8,"") | H8: Weber | I8: nachbestellt?
A9: A–1020 | B9: Silikon sanitär weiß 310ml | C9: 18 | D9: Kart. | E9: 12 | F9: 6.2 | G9: =IFERROR(C9*F9,"") -> 111.6 | H9: Kaiser
A10: A-1021 | B10: Silikon sanitär grau 310ml | C10: 5 | D10: Kartusche | E10: 12 | F10: 6,20 | G10: =IFERROR(C10*F10,"") | H10: Kaiser
A11: A-1060 | B11: Feinsteinzeug 60x60 anthrazit | C11: 12,5 | D11: m² | E11: 0 | F11: 32,90 €/m² | G11: =IFERROR(C11*F11,"") | H11: Weber
A12: A-1061 | B12: Wandfliese 30x60 weiß matt | C12: ca. 30 | D12: qm | E12: 0 | F12: 24.5 | G12: =IFERROR(C12*F12,"") | H12: Weber
A13: #NV | B13: Dichtband | C13: #BEZUG! | D13: Rolle | E13: 5 | F13: 18.9 | G13: =IFERROR(C13*F13,"")
B15: Summe Lagerwert: | G15: =SUM(G5:G13) -> 152.1

Sheet Kunden
A1: KdNr | B1: Name | C1: Zahlungsziel (Tage) | D1: E-Mail
A2: 1001 | B2: Becker, Thomas | C2: 14 | D2: t.becker@example.de
A3: 1002 | B3: Yılmaz GbR | C3: 30 | D3: info@yilmaz-gbr.example
A4: 1003 | B4: Praxis Dr. Hahn | C4: 10 | D4: praxis@hahn.example
A5: 1004 | B5: Weber Bau GmbH & Co. KG | C5: 30 | D5: rechnung@weber-bau.example

Sheet Rechnungen 2026
A1: Ausgangsrechnungen
A2: Re-Nr | B2: KdNr | C2: Kunde | D2: Datum | E2: Netto | F2: USt % | G2: USt | H2: Brutto | I2: Fällig | J2: Status | K2: bezahlt am
A3: 2026-031 | B3: 1001 | C3: =IFERROR(VLOOKUP(B3,Kunden!$A:$D,2,FALSE()),"??? unbekannt") -> Becker, Thomas | D3: 46280 | E3: 8865.5 | F3: 0.19 | G3: =IFERROR(E3*F3,0) -> 1684.445 | H3: =IFERROR(E3+G3,E3) -> 10549.945 | I3: =D3+IFERROR(VLOOKUP(B3,Kunden!$A:$C,3,FALSE()),14) -> 46294 | J3: bezahlt | K3: 46295
A4: 2026-032 | B4: 1002 | C4: =IFERROR(VLOOKUP(B4,Kunden!$A:$D,2,FALSE()),"??? unbekannt") -> Yılmaz GbR | D4: 46293 | E4: 4120 | F4: 0.19 | G4: =IFERROR(E4*F4,0) -> 782.8 | H4: =IFERROR(E4+G4,E4) -> 4902.8 | I4: =D4+IFERROR(VLOOKUP(B4,Kunden!$A:$C,3,FALSE()),14) -> 46323 | J4: offen
A5: 2026-033 | B5: 1003 | C5: =IFERROR(VLOOKUP(B5,Kunden!$A:$D,2,FALSE()),"??? unbekannt") -> Praxis Dr. Hahn | D5: 46297 | E5: 2380 | F5: 0.07 | G5: =IFERROR(E5*F5,0) -> 166.6 | H5: =IFERROR(E5+G5,E5) -> 2546.6 | I5: =D5+IFERROR(VLOOKUP(B5,Kunden!$A:$C,3,FALSE()),14) -> 46307 | J5: offen
A6: 2026-033 | B6: 1004 | C6: =IFERROR(VLOOKUP(B6,Kunden!$A:$D,2,FALSE()),"??? unbekannt") -> Weber Bau GmbH & Co. KG | D6: 46304 | E6: 12.400,00 | F6: 0.19 | G6: =IFERROR(E6*F6,0) -> 0 | H6: =IFERROR(E6+G6,E6) -> 12.400,00 | I6: =D6+IFERROR(VLOOKUP(B6,Kunden!$A:$C,3,FALSE()),14) -> 46334 | J6: Teilzahlung
A7: 2026-035 | B7: 9999 | C7: =IFERROR(VLOOKUP(B7,Kunden!$A:$D,2,FALSE()),"??? unbekannt") -> ??? unbekannt | D7: 46307 | E7: 950 | F7: 19 | G7: =IFERROR(E7*F7,0) -> 18050 | H7: =IFERROR(E7+G7,E7) -> 19000 | I7: =D7+IFERROR(VLOOKUP(B7,Kunden!$A:$C,3,FALSE()),14) -> 46321 | J7: OFFEN
D9: offen gesamt: | H9: =SUMIF(J3:J7,"offen",H3:H7) -> 26449.4
